{
  "model_path": "model_3_11.pt",
  "num_modules": 5442,
  "num_linear": 2721,
  "num_relu": 2721,
  "alternating": true,
  "input_dim": 55,
  "output_dim": 1,
  "weight_alphabet": [
    -1.0,
    0.0,
    1.0,
    2.0,
    3.0,
    4.0,
    5.0,
    6.0,
    7.0,
    8.0,
    9.0,
    10.0,
    11.0,
    12.0,
    13.0,
    14.0,
    15.0,
    16.0,
    17.0,
    18.0,
    19.0,
    20.0,
    21.0,
    22.0,
    23.0,
    24.0,
    25.0,
    26.0,
    27.0,
    28.0,
    29.0,
    30.0
  ],
  "sparsity": {
    "weight_total": 288122268,
    "weight_zero": 287047559,
    "weight_sparsity": 0.9962699550872618,
    "bias_total": 876285,
    "bias_zero": 729743
  },
  "tokenizer": {
    "summary": "Recovered ASCII tokenizer: ord(str(x)[:55].ljust(55, '\\x00'))",
    "width": 55,
    "pad_char": "\u0000",
    "byte_domain": [
      0,
      255
    ]
  },
  "layout": {
    "period": 42,
    "period_match_ratio": 0.9705223880597015,
    "head_end_linear_idx": 16,
    "body_end_linear_idx": 2704,
    "block_starts": [
      16,
      58,
      100,
      142,
      184,
      226,
      268,
      310,
      352,
      394,
      436,
      478,
      520,
      562,
      604,
      646,
      688,
      730,
      772,
      814,
      856,
      898,
      940,
      982,
      1024,
      1066,
      1108,
      1150,
      1192,
      1234,
      1276,
      1318,
      1360,
      1402,
      1444,
      1486,
      1528,
      1570,
      1612,
      1654,
      1696,
      1738,
      1780,
      1822,
      1864,
      1906,
      1948,
      1990,
      2032,
      2074,
      2116,
      2158,
      2200,
      2242,
      2284,
      2326,
      2368,
      2410,
      2452,
      2494,
      2536,
      2578,
      2620,
      2662
    ],
    "num_iterations": 64,
    "position_dispersion": [
      null,
      null,
      null,
      null,
      null,
      null,
      null,
      null,
      null,
      null,
      null,
      null,
      null,
      null,
      null,
      null,
      null,
      null,
      null,
      null,
      null,
      null,
      null,
      null,
      null,
      null,
      null,
      null,
      null,
      null,
      null,
      null,
      null,
      null,
      null,
      null,
      null,
      null,
      null,
      null,
      null,
      null
    ],
    "notes": [
      "period=42 with match ratio 0.9705",
      "body spans linears [16, 2704) = 64 iterations",
      "0 of 42 in-block positions are bit-identical across iterations"
    ]
  },
  "output_layer_template": {
    "matches": true,
    "N": 16,
    "interpretation": "out = ReLU(sum_{i=1..16}(a_i - 2 b_i + c_i) - 15)",
    "boolean_form": "AND of 16 predicates of shape (a + c == 2 b - 1) on integers"
  }
}